"nrounds","eta","max_depth","colsample_bytree","min_child_weight","rmse_xgb_train","rmse_xgb_test"
800,0.001,5,0.5,5,5.42111677746545,5.40010899863727
1000,0.001,5,0.5,5,4.44269169737103,4.42275273033478
1200,0.001,5,0.5,5,3.641621541685,3.62238468650087
1500,0.001,5,0.5,5,2.70421126821242,2.68592780700546
800,0.005,5,0.5,5,0.253454855599895,0.259890895454655
1000,0.005,5,0.5,5,0.128453138845008,0.15639605881405
1200,0.005,5,0.5,5,0.0908456021190116,0.136497164200631
1500,0.005,5,0.5,5,0.074757985316676,0.131353429189373
800,0.008,5,0.5,5,0.0838400186262617,0.134158919608212
1000,0.008,5,0.5,5,0.0710287789439392,0.130893410051927
1200,0.008,5,0.5,5,0.0634420286001295,0.129609431059136
1500,0.008,5,0.5,5,0.0540782665364933,0.128387108951762
800,0.01,5,0.5,5,0.0716520438208993,0.132979018386106
1000,0.01,5,0.5,5,0.0610423402763441,0.130308472477282
1200,0.01,5,0.5,5,0.0544043310801671,0.129111159552537
1500,0.01,5,0.5,5,0.0462621913336357,0.128348379160199
800,0.001,6,0.5,5,5.42113984571598,5.40012529928368
1000,0.001,6,0.5,5,4.44264823453731,4.42290661606109
1200,0.001,6,0.5,5,3.64164163342632,3.62225528136115
1500,0.001,6,0.5,5,2.70417207397374,2.68601086756015
800,0.005,6,0.5,5,0.252476420652328,0.259332815736906
1000,0.005,6,0.5,5,0.124162627550705,0.157033335374817
1200,0.005,6,0.5,5,0.0836266050012501,0.134824945843395
1500,0.005,6,0.5,5,0.0656194419532425,0.131086903927309
800,0.008,6,0.5,5,0.0767743244101939,0.132634896385161
1000,0.008,6,0.5,5,0.0625337722725647,0.130977644001855
1200,0.008,6,0.5,5,0.0528690901318272,0.128834421335568
1500,0.008,6,0.5,5,0.0433034010526483,0.128449222143159
800,0.01,6,0.5,5,0.0621513927702175,0.130701761020931
1000,0.01,6,0.5,5,0.0518658424877256,0.129143559474549
1200,0.01,6,0.5,5,0.0430003240107128,0.129660321046586
1500,0.01,6,0.5,5,0.0361297930618494,0.128393652032155
800,0.001,8,0.5,5,5.42114252728944,5.40002526509397
1000,0.001,8,0.5,5,4.44270167272505,4.42295368588529
1200,0.001,8,0.5,5,3.64161784452805,3.62255451514811
1500,0.001,8,0.5,5,2.70416707652687,2.68608941710603
800,0.005,8,0.5,5,0.251568938382839,0.259457286214719
1000,0.005,8,0.5,5,0.119241201717445,0.156359341624195
1200,0.005,8,0.5,5,0.0740697140032061,0.133271161989536
1500,0.005,8,0.5,5,0.0525525829168606,0.130633073465934
800,0.008,8,0.5,5,0.0658245011394329,0.131969028438146
1000,0.008,8,0.5,5,0.0491821191354098,0.130559323491791
1200,0.008,8,0.5,5,0.0391179709299101,0.128415215971319
1500,0.008,8,0.5,5,0.0306113413341011,0.128555115716986
800,0.01,8,0.5,5,0.0491207053086094,0.130759890250984
1000,0.01,8,0.5,5,0.0375620891126272,0.129435628151134
1200,0.01,8,0.5,5,0.0289017640703466,0.128171026691622
1500,0.01,8,0.5,5,0.0232683691830987,0.127838029892258
800,0.001,5,0.75,5,5.42102764896034,5.40047833049197
1000,0.001,5,0.75,5,4.44252860362233,4.42339003324909
1200,0.001,5,0.75,5,3.64146776725501,3.62304377315575
1500,0.001,5,0.75,5,2.70396809506011,2.68662850464585
800,0.005,5,0.75,5,0.252198955741494,0.259562565440578
1000,0.005,5,0.75,5,0.126529267902815,0.158257993752579
1200,0.005,5,0.75,5,0.0887921844985144,0.13796771207602
1500,0.005,5,0.75,5,0.0727267429962963,0.133976669115712
800,0.008,5,0.75,5,0.0817069961385139,0.134255466152286
1000,0.008,5,0.75,5,0.0691277932597657,0.132227810445266
1200,0.008,5,0.75,5,0.0618095151970053,0.131471395987629
1500,0.008,5,0.75,5,0.0524276364139454,0.131362388783138
800,0.01,5,0.75,5,0.0699505424243645,0.133032149481624
1000,0.01,5,0.75,5,0.0598178309303566,0.131530949721212
1200,0.01,5,0.75,5,0.0525725767728981,0.1304120075823
1500,0.01,5,0.75,5,0.0453111436712716,0.129220494899028
800,0.001,6,0.75,5,5.42102704609362,5.40051913621865
1000,0.001,6,0.75,5,4.44254128580954,4.42342425842682
1200,0.001,6,0.75,5,3.64148357623517,3.62307354643218
1500,0.001,6,0.75,5,2.70397984910959,2.686840732804
800,0.005,6,0.75,5,0.251074334347197,0.259516153258513
1000,0.005,6,0.75,5,0.122112562169632,0.157339870708838
1200,0.005,6,0.75,5,0.081849537391709,0.137464710170595
1500,0.005,6,0.75,5,0.0635100547108444,0.132802858453205
800,0.008,6,0.75,5,0.074304543798085,0.134961113769639
1000,0.008,6,0.75,5,0.0602359897418643,0.132414782987197
1200,0.008,6,0.75,5,0.0526306131157553,0.132085145242706
1500,0.008,6,0.75,5,0.0432357540449074,0.131359459937515
800,0.01,6,0.75,5,0.0602376372957988,0.131567453944473
1000,0.01,6,0.75,5,0.0501213297028385,0.132470724587529
1200,0.01,6,0.75,5,0.0421353789802095,0.131255756084783
1500,0.01,6,0.75,5,0.0348008454530904,0.131343208363213
800,0.001,8,0.75,5,5.42101947671551,5.40048352789845
1000,0.001,8,0.75,5,4.44250992768893,4.42348763458108
1200,0.001,8,0.75,5,3.64146299569071,3.62313313259406
1500,0.001,8,0.75,5,2.70396011689256,2.6866178128035
800,0.005,8,0.75,5,0.250278122387211,0.260021100015572
1000,0.005,8,0.75,5,0.11702878107226,0.15708880771048
1200,0.005,8,0.75,5,0.0723033360853819,0.135569280195955
1500,0.005,8,0.75,5,0.0515645113200109,0.131136600175741
800,0.008,8,0.75,5,0.0639095011121883,0.133376905888852
1000,0.008,8,0.75,5,0.0468398934761757,0.131118549965379
1200,0.008,8,0.75,5,0.0388719399776832,0.130134161068665
1500,0.008,8,0.75,5,0.0287695970722954,0.130016618773717
800,0.01,8,0.75,5,0.047189335325047,0.131581086438021
1000,0.01,8,0.75,5,0.0356893779323451,0.130628414612004
1200,0.01,8,0.75,5,0.0298174750094559,0.129746439806101
1500,0.01,8,0.75,5,0.0211374813958134,0.129833037861443
800,0.001,5,0.9,5,5.42099329148263,5.40059813850977
1000,0.001,5,0.9,5,4.44245729507562,4.42363930473839
1200,0.001,5,0.9,5,3.64141770057859,3.62323072440215
1500,0.001,5,0.9,5,2.70389584004615,2.68671358714907
800,0.005,5,0.9,5,0.251772684458434,0.259459331508264
1000,0.005,5,0.9,5,0.125865878816933,0.158746255146721
1200,0.005,5,0.9,5,0.0876650407926754,0.137920235560693
1500,0.005,5,0.9,5,0.0713490903885548,0.133415347969963
800,0.008,5,0.9,5,0.081251741267868,0.13612111486676
1000,0.008,5,0.9,5,0.0685532271303409,0.132549485671216
1200,0.008,5,0.9,5,0.0610484122259172,0.131765943485108
1500,0.008,5,0.9,5,0.0533601263888158,0.130814974442519
800,0.01,5,0.9,5,0.0686531807409784,0.132974739481747
1000,0.01,5,0.9,5,0.0591223368742085,0.130801906298484
1200,0.01,5,0.9,5,0.0522131277822942,0.130795180206026
1500,0.01,5,0.9,5,0.0439141914817324,0.129529621218978
800,0.001,6,0.9,5,5.42099466148381,5.40061770437697
1000,0.001,6,0.9,5,4.44247168924894,4.42361347053599
1200,0.001,6,0.9,5,3.6414011526403,3.62326496812774
1500,0.001,6,0.9,5,2.70388763227038,2.68667836866905
800,0.005,6,0.9,5,0.250688468005654,0.260043080458983
1000,0.005,6,0.9,5,0.121641156964639,0.157618764952412
1200,0.005,6,0.9,5,0.0800573902451779,0.137924140780313
1500,0.005,6,0.9,5,0.062937478804559,0.133171129350123
800,0.008,6,0.9,5,0.0739833541148496,0.13533745660226
1000,0.008,6,0.9,5,0.0593351051085001,0.134333045650172
1200,0.008,6,0.9,5,0.0511301605890693,0.132008377017046
1500,0.008,6,0.9,5,0.0421493169942626,0.132152360882958
800,0.01,6,0.9,5,0.0594998885344912,0.132708893926084
1000,0.01,6,0.9,5,0.0488999645757018,0.132874210503509
1200,0.01,6,0.9,5,0.0424468936130148,0.130806405911723
1500,0.01,6,0.9,5,0.0322186575356101,0.130243587989376
800,0.001,8,0.9,5,5.42097600133297,5.40068946984371
1000,0.001,8,0.9,5,4.44245687103248,4.42362403805489
1200,0.001,8,0.9,5,3.64139768751245,3.62325480846244
1500,0.001,8,0.9,5,2.70389145671598,2.68671287735536
800,0.005,8,0.9,5,0.249669276831444,0.259945229112473
1000,0.005,8,0.9,5,0.11614866821046,0.156863808846031
1200,0.005,8,0.9,5,0.0702420588997627,0.13511481044687
1500,0.005,8,0.9,5,0.0503815416635419,0.131081350474545
800,0.008,8,0.9,5,0.0629963212911517,0.13454827789625
1000,0.008,8,0.9,5,0.0467873399514438,0.132680848499396
1200,0.008,8,0.9,5,0.0382822955832644,0.129819978666609
1500,0.008,8,0.9,5,0.0282359934004746,0.130659497900889
800,0.01,8,0.9,5,0.0471441215572398,0.131440775220998
1000,0.01,8,0.9,5,0.0355402485417003,0.132156309466563
1200,0.01,8,0.9,5,0.0289966782695072,0.131217725266912
1500,0.01,8,0.9,5,0.021049299684443,0.128461060944008
800,0.001,5,1,5,5.42097010742784,5.4007178921146
1000,0.001,5,1,5,4.4424294141309,4.42371798070688
1200,0.001,5,1,5,3.64136652154236,3.62331039961804
1500,0.001,5,1,5,2.70383803485766,2.6866907963182
800,0.005,5,1,5,0.25148609468887,0.259295813892334
1000,0.005,5,1,5,0.125474837621417,0.158063619713914
1200,0.005,5,1,5,0.0874094277322253,0.137400917188014
1500,0.005,5,1,5,0.0714463450709731,0.132455250694695
800,0.008,5,1,5,0.080960001074933,0.13622311227206
1000,0.008,5,1,5,0.0681551685146771,0.133245383423563
1200,0.008,5,1,5,0.0604565259570852,0.13251562222867
1500,0.008,5,1,5,0.0523557016640568,0.131329608040103
800,0.01,5,1,5,0.0683082765020012,0.13275467641089
1000,0.01,5,1,5,0.0595717671082991,0.131619159861994
1200,0.01,5,1,5,0.0528324903891554,0.131067407641998
1500,0.01,5,1,5,0.0445158045246592,0.130214025874518
800,0.001,6,1,5,5.42097010742784,5.4007178921146
1000,0.001,6,1,5,4.4424294141309,4.42371798070688
1200,0.001,6,1,5,3.64136652154236,3.62331039961804
1500,0.001,6,1,5,2.70383803485766,2.6866907963182
800,0.005,6,1,5,0.250304150017084,0.259751617677283
1000,0.005,6,1,5,0.120567123124678,0.157735002439199
1200,0.005,6,1,5,0.0792395048419549,0.13744242451898
1500,0.005,6,1,5,0.0613062857930244,0.132844590209233
800,0.008,6,1,5,0.073195618612169,0.13551996795319
1000,0.008,6,1,5,0.0588464579575472,0.132703892177734
1200,0.008,6,1,5,0.0512943101715288,0.13211173995892
1500,0.008,6,1,5,0.042326593394318,0.131688785541632
800,0.01,6,1,5,0.0579860282790569,0.13397562340187
1000,0.01,6,1,5,0.0481602427130444,0.133342279229683
1200,0.01,6,1,5,0.0408734271132663,0.132633317418334
1500,0.01,6,1,5,0.0325558257833067,0.131579296943991
800,0.001,8,1,5,5.42097010742784,5.4007178921146
1000,0.001,8,1,5,4.4424294141309,4.42371798070688
1200,0.001,8,1,5,3.64136652154236,3.62331039961804
1500,0.001,8,1,5,2.70383803485766,2.6866907963182
800,0.005,8,1,5,0.249393253717267,0.260368729368528
1000,0.005,8,1,5,0.115804362391002,0.156808936915432
1200,0.005,8,1,5,0.0703558413433093,0.136415591957928
1500,0.005,8,1,5,0.0494967635298288,0.132873598746299
800,0.008,8,1,5,0.0629551002275323,0.134906426405491
1000,0.008,8,1,5,0.0457393987842383,0.133313411305133
1200,0.008,8,1,5,0.0376069235127085,0.133021234988848
1500,0.008,8,1,5,0.0291051740588208,0.132650342660669
800,0.01,8,1,5,0.0452306736737428,0.13314962412187
1000,0.01,8,1,5,0.0352415218567203,0.132597991404389
1200,0.01,8,1,5,0.0275313632426114,0.132114941965085
1500,0.01,8,1,5,0.0189652380792467,0.131837868879925
800,0.001,5,0.5,10,5.42111924884976,5.40008501198326
1000,0.001,5,0.5,10,4.44266277319933,4.4230758943455
1200,0.001,5,0.5,10,3.64164495543078,3.62231502615019
1500,0.001,5,0.5,10,2.70416429073883,2.68611941894066
800,0.005,5,0.5,10,0.255856811671061,0.260792363164073
1000,0.005,5,0.5,10,0.133073172393978,0.157791116164666
1200,0.005,5,0.5,10,0.0972973354569285,0.13702998669239
1500,0.005,5,0.5,10,0.0809987496279813,0.130900738687679
800,0.008,5,0.5,10,0.0908048011054956,0.133633935727073
1000,0.008,5,0.5,10,0.0785408701994681,0.13085417620432
1200,0.008,5,0.5,10,0.0708935144619283,0.128867678454718
1500,0.008,5,0.5,10,0.0616123138448876,0.127820605840956
800,0.01,5,0.5,10,0.0781304846031567,0.129886611330339
1000,0.01,5,0.5,10,0.0684660726207069,0.129255179839857
1200,0.01,5,0.5,10,0.061357141362119,0.128570551215777
1500,0.01,5,0.5,10,0.0537525898471864,0.127040151241878
800,0.001,6,0.5,10,5.42116873511688,5.39992474672019
1000,0.001,6,0.5,10,4.44269423228144,4.42273626390647
1200,0.001,6,0.5,10,3.64165250797289,3.62233648077673
1500,0.001,6,0.5,10,2.70414742778999,2.68610652682747
800,0.005,6,0.5,10,0.255091504056744,0.260338687913868
1000,0.005,6,0.5,10,0.130389545232836,0.155828482459287
1200,0.005,6,0.5,10,0.0924999140563213,0.135555759447148
1500,0.005,6,0.5,10,0.0745053315780687,0.130234071894259
800,0.008,6,0.5,10,0.0852168420374194,0.132703414329943
1000,0.008,6,0.5,10,0.0707869951009259,0.129751690185684
1200,0.008,6,0.5,10,0.0620354080795126,0.128218912276326
1500,0.008,6,0.5,10,0.0526294105864135,0.127332065896842
800,0.01,6,0.5,10,0.0705263138897741,0.129256399074422
1000,0.01,6,0.5,10,0.0598998654183242,0.126193251781158
1200,0.01,6,0.5,10,0.0530234903150208,0.126734342334352
1500,0.01,6,0.5,10,0.0444087948168255,0.126408939462024
800,0.001,8,0.5,10,5.42115287792683,5.40015962825224
1000,0.001,8,0.5,10,4.44265751476829,4.42280850597004
1200,0.001,8,0.5,10,3.64161607689056,3.62241556058074
1500,0.001,8,0.5,10,2.70418268076997,2.68618597561077
800,0.005,8,0.5,10,0.254640850988386,0.260456305850112
1000,0.005,8,0.5,10,0.126750562009378,0.156243665433602
1200,0.005,8,0.5,10,0.0854158818814709,0.134287800703059
1500,0.005,8,0.5,10,0.0647475254061487,0.128669478817711
800,0.008,8,0.5,10,0.0774690680199118,0.13123870448543
1000,0.008,8,0.5,10,0.0610029606580427,0.128408515642294
1200,0.008,8,0.5,10,0.0512714542173259,0.127040783011422
1500,0.008,8,0.5,10,0.0433747676967027,0.126721686831829
800,0.01,8,0.5,10,0.0606963217630777,0.129529088270902
1000,0.01,8,0.5,10,0.0489784770697823,0.127949011731889
1200,0.01,8,0.5,10,0.0434413716820103,0.127253992504502
1500,0.01,8,0.5,10,0.035886724274874,0.127247425922672
800,0.001,5,0.75,10,5.42103013706547,5.40049429042284
1000,0.001,5,0.75,10,4.44252901806857,4.423434986017
1200,0.001,5,0.75,10,3.64146030994329,3.62310855555708
1500,0.001,5,0.75,10,2.70395217441402,2.68661629254416
800,0.005,5,0.75,10,0.254606955624757,0.260505919636541
1000,0.005,5,0.75,10,0.131467181463106,0.157678703938582
1200,0.005,5,0.75,10,0.0950088176655977,0.136810491809701
1500,0.005,5,0.75,10,0.0785395183448135,0.13224582060648
800,0.008,5,0.75,10,0.0881362427272657,0.135315196211078
1000,0.008,5,0.75,10,0.0753442295242666,0.13272638227025
1200,0.008,5,0.75,10,0.0677880905175244,0.130567127893932
1500,0.008,5,0.75,10,0.0587275587163357,0.129413243591234
800,0.01,5,0.75,10,0.0751653190530625,0.131300604081245
1000,0.01,5,0.75,10,0.0657708191981566,0.130310696216267
1200,0.01,5,0.75,10,0.0593098750057309,0.130040597552155
1500,0.01,5,0.75,10,0.0510695458736454,0.128944536736559
800,0.001,6,0.75,10,5.42103211190767,5.40045761099844
1000,0.001,6,0.75,10,4.44251570800252,4.42345041996316
1200,0.001,6,0.75,10,3.64147719849645,3.62309353990946
1500,0.001,6,0.75,10,2.70399001775529,2.68656152149051
800,0.005,6,0.75,10,0.253825412585094,0.259969261111284
1000,0.005,6,0.75,10,0.12847721118622,0.157555596040493
1200,0.005,6,0.75,10,0.0905849816621281,0.136452004526583
1500,0.005,6,0.75,10,0.0722119612136934,0.131615896876161
800,0.008,6,0.75,10,0.0829062171677855,0.13304294196803
1000,0.008,6,0.75,10,0.0685182716414613,0.131342636408723
1200,0.008,6,0.75,10,0.0594619665018831,0.130133523100214
1500,0.008,6,0.75,10,0.0502129467889546,0.129915778352396
800,0.01,6,0.75,10,0.0683128654894886,0.131509703254224
1000,0.01,6,0.75,10,0.0574948881783001,0.130356191406032
1200,0.01,6,0.75,10,0.0510905790780979,0.128448930961275
1500,0.01,6,0.75,10,0.0428850631651646,0.127719799020566
800,0.001,8,0.75,10,5.42104074980828,5.40046040779654
1000,0.001,8,0.75,10,4.44252462622856,4.42348112830969
1200,0.001,8,0.75,10,3.64144714954768,3.62317908734282
1500,0.001,8,0.75,10,2.70395440308737,2.68667195885792
800,0.005,8,0.75,10,0.253409620587509,0.260273293648267
1000,0.005,8,0.75,10,0.124867940235551,0.156495441578801
1200,0.005,8,0.75,10,0.0826979932200249,0.1344577813841
1500,0.005,8,0.75,10,0.0627343526139599,0.130544193176503
800,0.008,8,0.75,10,0.0753228447400343,0.132448525028273
1000,0.008,8,0.75,10,0.0588458070965044,0.131122425040278
1200,0.008,8,0.75,10,0.0497328973065208,0.129622426813404
1500,0.008,8,0.75,10,0.0422910220606239,0.127705795207605
800,0.01,8,0.75,10,0.0580360136809779,0.130152604843851
1000,0.01,8,0.75,10,0.0486541285117727,0.129016739142196
1200,0.01,8,0.75,10,0.0415128150767246,0.128577637084643
1500,0.01,8,0.75,10,0.0349417833306813,0.128224597961641
800,0.001,5,0.9,10,5.42098900285023,5.40063201691687
1000,0.001,5,0.9,10,4.44246122257036,4.42361150253754
1200,0.001,5,0.9,10,3.64139928094957,3.62323644547824
1500,0.001,5,0.9,10,2.70389095362292,2.68678135623077
800,0.005,5,0.9,10,0.25413614923512,0.260344637764189
1000,0.005,5,0.9,10,0.130744633562714,0.157847436238601
1200,0.005,5,0.9,10,0.0943349658309194,0.137680554758223
1500,0.005,5,0.9,10,0.0782237735105832,0.13224851044931
800,0.008,5,0.9,10,0.0882303184114052,0.135541761243285
1000,0.008,5,0.9,10,0.0751474071829643,0.132247546313245
1200,0.008,5,0.9,10,0.0671351757646129,0.130682919833353
1500,0.008,5,0.9,10,0.0584233586845059,0.129834679378647
800,0.01,5,0.9,10,0.0756028868013876,0.132339716479188
1000,0.01,5,0.9,10,0.0656251582704732,0.131399521466459
1200,0.01,5,0.9,10,0.0581608807553046,0.129865880140731
1500,0.01,5,0.9,10,0.0505347692348619,0.129548522133686
800,0.001,6,0.9,10,5.4209928660786,5.40061144347283
1000,0.001,6,0.9,10,4.44246112002693,4.42363192828802
1200,0.001,6,0.9,10,3.64143148943709,3.62321402471971
1500,0.001,6,0.9,10,2.70390600912115,2.68671194342957
800,0.005,6,0.9,10,0.253576075594427,0.259997395340233
1000,0.005,6,0.9,10,0.128015665418316,0.157352263174052
1200,0.005,6,0.9,10,0.0897718017142417,0.136793261802919
1500,0.005,6,0.9,10,0.0711260168516282,0.132046620566061
800,0.008,6,0.9,10,0.0824437045509473,0.135206602061143
1000,0.008,6,0.9,10,0.0676533847593799,0.132318118316351
1200,0.008,6,0.9,10,0.0590618388970815,0.130004962217661
1500,0.008,6,0.9,10,0.0498082544815201,0.130466683946547
800,0.01,6,0.9,10,0.0677801023069362,0.132098054669031
1000,0.01,6,0.9,10,0.0571676711922545,0.131009825354913
1200,0.01,6,0.9,10,0.0501200802299544,0.130073109497396
1500,0.01,6,0.9,10,0.0421998762584544,0.129312115536875
800,0.001,8,0.9,10,5.42099667047954,5.40058916447839
1000,0.001,8,0.9,10,4.4424464462617,4.42366038326285
1200,0.001,8,0.9,10,3.64140338724826,3.62323732540253
1500,0.001,8,0.9,10,2.70387089237882,2.68671412859933
800,0.005,8,0.9,10,0.252855574907458,0.259865861893836
1000,0.005,8,0.9,10,0.124224982736812,0.157257817052672
1200,0.005,8,0.9,10,0.0822656231148949,0.1358331824907
1500,0.005,8,0.9,10,0.0619002749686958,0.131970418694867
800,0.008,8,0.9,10,0.0741073377984575,0.133769704390622
1000,0.008,8,0.9,10,0.0580147851514218,0.130542369498545
1200,0.008,8,0.9,10,0.0493912054198437,0.13039731434549
1500,0.008,8,0.9,10,0.0429670152531073,0.129432446755187
800,0.01,8,0.9,10,0.0575437293190032,0.131305144585285
1000,0.01,8,0.9,10,0.0486165259880099,0.130086771248129
1200,0.01,8,0.9,10,0.0413462310765036,0.130216690284879
1500,0.01,8,0.9,10,0.0346337587228646,0.129252732055301
800,0.001,5,1,10,5.42097010742784,5.4007178921146
1000,0.001,5,1,10,4.4424294141309,4.42371798070688
1200,0.001,5,1,10,3.64136652154236,3.62331039961804
1500,0.001,5,1,10,2.70383786391974,2.68669915360277
800,0.005,5,1,10,0.253900284186616,0.260152400695187
1000,0.005,5,1,10,0.130426715823999,0.158015105209314
1200,0.005,5,1,10,0.0941652423215398,0.138145431010025
1500,0.005,5,1,10,0.0781321169453253,0.132987948830187
800,0.008,5,1,10,0.0875343079984051,0.135948520551431
1000,0.008,5,1,10,0.074314234194541,0.133155706282142
1200,0.008,5,1,10,0.06700088116118,0.132166258924323
1500,0.008,5,1,10,0.0584030174206536,0.131437987596644
800,0.01,5,1,10,0.0749600472716155,0.133203801116792
1000,0.01,5,1,10,0.0654631385224579,0.132266213634346
1200,0.01,5,1,10,0.0580782969506936,0.131455960458209
1500,0.01,5,1,10,0.0497594576323218,0.130304736588388
800,0.001,6,1,10,5.42097010742784,5.4007178921146
1000,0.001,6,1,10,4.4424294141309,4.42371798070688
1200,0.001,6,1,10,3.64136652154236,3.62331039961804
1500,0.001,6,1,10,2.70383786391974,2.68669915360277
800,0.005,6,1,10,0.253245966171891,0.260255075975583
1000,0.005,6,1,10,0.127564472811019,0.157545934469955
1200,0.005,6,1,10,0.0891599998562771,0.137289145950024
1500,0.005,6,1,10,0.0701606531065069,0.132845383707387
800,0.008,6,1,10,0.0823240483654469,0.134661015561721
1000,0.008,6,1,10,0.0680518744222301,0.13211597365432
1200,0.008,6,1,10,0.0595122833170069,0.130909675335203
1500,0.008,6,1,10,0.0499979512351962,0.130129562200219
800,0.01,6,1,10,0.0670861974399782,0.131962904861372
1000,0.01,6,1,10,0.056750294107534,0.130332770143958
1200,0.01,6,1,10,0.0494372213210614,0.129981302263228
1500,0.01,6,1,10,0.041223112076375,0.129381673205378
800,0.001,8,1,10,5.42097010742784,5.4007178921146
1000,0.001,8,1,10,4.4424294141309,4.42371798070688
1200,0.001,8,1,10,3.64136652154236,3.62331039961804
1500,0.001,8,1,10,2.70383786391974,2.68669915360277
800,0.005,8,1,10,0.252600441173154,0.260230261956642
1000,0.005,8,1,10,0.123607418486025,0.157109921139495
1200,0.005,8,1,10,0.0818520519503529,0.135538742785922
1500,0.005,8,1,10,0.0620006091205891,0.13113796649539
800,0.008,8,1,10,0.0733363778398551,0.133703369050187
1000,0.008,8,1,10,0.0580744080395029,0.131260091985077
1200,0.008,8,1,10,0.0497639839259652,0.130657428751693
1500,0.008,8,1,10,0.0414511325725173,0.129885093114956
800,0.01,8,1,10,0.0583009049726501,0.131770563801063
1000,0.01,8,1,10,0.0485828190109228,0.131095544664065
1200,0.01,8,1,10,0.0424549974060791,0.130422199109598
1500,0.01,8,1,10,0.0347114070142642,0.12965150514699
800,0.001,5,0.5,20,5.42113974127375,5.40000279159347
1000,0.001,5,0.5,20,4.4426690016895,4.42280166562305
1200,0.001,5,0.5,20,3.6416506998084,3.62240497049664
1500,0.001,5,0.5,20,2.70417286593884,2.68609435993154
800,0.005,5,0.5,20,0.258000108338715,0.261267239867312
1000,0.005,5,0.5,20,0.139576083971426,0.158579643444043
1200,0.005,5,0.5,20,0.106594090249544,0.137707331623936
1500,0.005,5,0.5,20,0.0926669615247513,0.132278210953776
800,0.008,5,0.5,20,0.10130807226555,0.135181312307
1000,0.008,5,0.5,20,0.0900063257784439,0.13211679870016
1200,0.008,5,0.5,20,0.0827813605219383,0.130018418587289
1500,0.008,5,0.5,20,0.0748376063662131,0.128987154535345
800,0.01,5,0.5,20,0.0905927372778429,0.132375100039802
1000,0.01,5,0.5,20,0.0816608460762443,0.129948129525828
1200,0.01,5,0.5,20,0.0745324232857904,0.129206251820452
1500,0.01,5,0.5,20,0.0671285738599274,0.127002037793977
800,0.001,6,0.5,20,5.4211433282859,5.39992608661599
1000,0.001,6,0.5,20,4.4426960014497,4.42280389869854
1200,0.001,6,0.5,20,3.6416384017684,3.62237114515141
1500,0.001,6,0.5,20,2.70415490200579,2.68604744353801
800,0.005,6,0.5,20,0.257632465335632,0.261125503359036
1000,0.005,6,0.5,20,0.138020554547646,0.157781132682157
1200,0.005,6,0.5,20,0.103144581480051,0.1364096248289
1500,0.005,6,0.5,20,0.0882633715714281,0.130839304468187
800,0.008,6,0.5,20,0.0975451424615923,0.134025116321089
1000,0.008,6,0.5,20,0.0846275907345785,0.130457092159764
1200,0.008,6,0.5,20,0.0772683382885493,0.129515101275457
1500,0.008,6,0.5,20,0.0680729742521404,0.128600577941381
800,0.01,6,0.5,20,0.0850755830797191,0.131197869434929
1000,0.01,6,0.5,20,0.0758745138778863,0.12951477281063
1200,0.01,6,0.5,20,0.0678513244308806,0.129041173165107
1500,0.01,6,0.5,20,0.0596895308306763,0.127150524860174
800,0.001,8,0.5,20,5.4211635686926,5.39995420004075
1000,0.001,8,0.5,20,4.44269211842689,4.42286160691844
1200,0.001,8,0.5,20,3.64165049700686,3.62225783264856
1500,0.001,8,0.5,20,2.70417424138728,2.68592214410249
800,0.005,8,0.5,20,0.257411952828664,0.261407492029102
1000,0.005,8,0.5,20,0.135734185829246,0.157838790152819
1200,0.005,8,0.5,20,0.0989099292635393,0.135763102316668
1500,0.005,8,0.5,20,0.0818387037300277,0.130365994311483
800,0.008,8,0.5,20,0.0924813185428734,0.13363066992883
1000,0.008,8,0.5,20,0.0777878770553846,0.129873019241817
1200,0.008,8,0.5,20,0.0697911316612898,0.128617130499962
1500,0.008,8,0.5,20,0.0599750309044995,0.127190296384178
800,0.01,8,0.5,20,0.0781602415717709,0.130259652735223
1000,0.01,8,0.5,20,0.0678294905542458,0.128958314747297
1200,0.01,8,0.5,20,0.060084982917626,0.127721826241684
1500,0.01,8,0.5,20,0.0518921823763526,0.127879504207827
800,0.001,5,0.75,20,5.42103313153145,5.40045228552713
1000,0.001,5,0.75,20,4.44254382155634,4.42341206403077
1200,0.001,5,0.75,20,3.64148656314168,3.6230553793743
1500,0.001,5,0.75,20,2.70397925339564,2.6867027308412
800,0.005,5,0.75,20,0.256932026724835,0.260846775108725
1000,0.005,5,0.75,20,0.138359410951422,0.159016466802966
1200,0.005,5,0.75,20,0.104913699421178,0.139057071866347
1500,0.005,5,0.75,20,0.0908469850309134,0.133279601214691
800,0.008,5,0.75,20,0.0993437834734133,0.135675736141737
1000,0.008,5,0.75,20,0.0880061574241713,0.133206872249225
1200,0.008,5,0.75,20,0.0810645708800408,0.132424053937003
1500,0.008,5,0.75,20,0.0726069692474007,0.129591672345291
800,0.01,5,0.75,20,0.0883734888097552,0.133578620917886
1000,0.01,5,0.75,20,0.079002837006959,0.131524803325584
1200,0.01,5,0.75,20,0.0728374428035067,0.130940602990997
1500,0.01,5,0.75,20,0.0651996739009035,0.12932069292196
800,0.001,6,0.75,20,5.42101069933963,5.40051910581917
1000,0.001,6,0.75,20,4.44253091851833,4.42341341640915
1200,0.001,6,0.75,20,3.64147555147957,3.62313847473778
1500,0.001,6,0.75,20,2.70398625966723,2.68662273899128
800,0.005,6,0.75,20,0.256259392534759,0.260965790210126
1000,0.005,6,0.75,20,0.13599605245429,0.157934375167002
1200,0.005,6,0.75,20,0.101387394995099,0.137716874194783
1500,0.005,6,0.75,20,0.0856239674177402,0.132073042222994
800,0.008,6,0.75,20,0.0954957668631951,0.135733840621472
1000,0.008,6,0.75,20,0.0834724328438494,0.131227767965243
1200,0.008,6,0.75,20,0.0755832788447731,0.131721569515161
1500,0.008,6,0.75,20,0.0673430246492367,0.129298063149178
800,0.01,6,0.75,20,0.0825328932569261,0.131542166393299
1000,0.01,6,0.75,20,0.0733766209671494,0.131532916344426
1200,0.01,6,0.75,20,0.0670485994924213,0.12989991184788
1500,0.01,6,0.75,20,0.0592488735681453,0.128132657198191
800,0.001,8,0.75,20,5.42105085411458,5.40038499110093
1000,0.001,8,0.75,20,4.44249546913384,4.42351941869747
1200,0.001,8,0.75,20,3.64147763605759,3.62311885929937
1500,0.001,8,0.75,20,2.70397949295092,2.68662632992259
800,0.005,8,0.75,20,0.256073616557293,0.261180812589478
1000,0.005,8,0.75,20,0.133825869131589,0.157849263376234
1200,0.005,8,0.75,20,0.0972983097586051,0.136732954207542
1500,0.005,8,0.75,20,0.0793399265057365,0.1314917671829
800,0.008,8,0.75,20,0.0903979542434178,0.133906004278261
1000,0.008,8,0.75,20,0.0756137054632067,0.131288391568255
1200,0.008,8,0.75,20,0.0672680391209423,0.130311783354662
1500,0.008,8,0.75,20,0.0588061083194854,0.129227985898432
800,0.01,8,0.75,20,0.075757365699005,0.130737963855701
1000,0.01,8,0.75,20,0.0656410506402041,0.129800432758119
1200,0.01,8,0.75,20,0.0589313550012638,0.129319503669194
1500,0.01,8,0.75,20,0.0496354008537787,0.128330491759289
800,0.001,5,0.9,20,5.42098697440558,5.4006443426084
1000,0.001,5,0.9,20,4.44247327396953,4.42359936476302
1200,0.001,5,0.9,20,3.6413957700017,3.62324931521827
1500,0.001,5,0.9,20,2.70387827582029,2.68670191271678
800,0.005,5,0.9,20,0.256525104698069,0.26152802423724
1000,0.005,5,0.9,20,0.137507173106349,0.158944537040104
1200,0.005,5,0.9,20,0.104025822531426,0.13833777467342
1500,0.005,5,0.9,20,0.0902164861815788,0.134053373135645
800,0.008,5,0.9,20,0.0983008919839356,0.136818948783733
1000,0.008,5,0.9,20,0.0873008164221181,0.133224090788874
1200,0.008,5,0.9,20,0.0803350767162889,0.132326972898408
1500,0.008,5,0.9,20,0.071726637306541,0.131302029287747
800,0.01,5,0.9,20,0.0871295249473468,0.132714171648308
1000,0.01,5,0.9,20,0.0786490285786089,0.132395237569708
1200,0.01,5,0.9,20,0.0713117884372955,0.13085477257516
1500,0.01,5,0.9,20,0.0640612286636872,0.12964432987838
800,0.001,6,0.9,20,5.4209974416234,5.40058889763153
1000,0.001,6,0.9,20,4.44245419425894,4.42363321545386
1200,0.001,6,0.9,20,3.64140295380289,3.62324425937195
1500,0.001,6,0.9,20,2.70389824625781,2.68677889436457
800,0.005,6,0.9,20,0.255939873573969,0.261140928770673
1000,0.005,6,0.9,20,0.135549251433865,0.15862498515536
1200,0.005,6,0.9,20,0.100927137625832,0.13842712759965
1500,0.005,6,0.9,20,0.0851319700866615,0.133224765558707
800,0.008,6,0.9,20,0.0948014420523469,0.136412625991439
1000,0.008,6,0.9,20,0.081774401942712,0.132503774021892
1200,0.008,6,0.9,20,0.0745928988853291,0.132279103877454
1500,0.008,6,0.9,20,0.0659497089148231,0.130428928383248
800,0.01,6,0.9,20,0.0819304827770597,0.132845543620906
1000,0.01,6,0.9,20,0.0733054174501194,0.131759200880132
1200,0.01,6,0.9,20,0.0659720502602251,0.129850948386639
1500,0.01,6,0.9,20,0.0580430875705369,0.128823337867907
800,0.001,8,0.9,20,5.42099247797585,5.40060217676766
1000,0.001,8,0.9,20,4.44246844091739,4.42358962720259
1200,0.001,8,0.9,20,3.64139228676667,3.62325973632866
1500,0.001,8,0.9,20,2.70390267873811,2.68664321538885
800,0.005,8,0.9,20,0.255574613802828,0.260778583865474
1000,0.005,8,0.9,20,0.13298286972908,0.15783395830904
1200,0.005,8,0.9,20,0.0958599982385608,0.136474949976354
1500,0.005,8,0.9,20,0.0782513226812915,0.131923935170449
800,0.008,8,0.9,20,0.0892475571590209,0.134827361289606
1000,0.008,8,0.9,20,0.0752051672396769,0.131639722891386
1200,0.008,8,0.9,20,0.0664613071559818,0.131012755838518
1500,0.008,8,0.9,20,0.0569089379898427,0.129816981665922
800,0.01,8,0.9,20,0.0750959615355402,0.132119558115111
1000,0.01,8,0.9,20,0.0648267751378693,0.130863442891212
1200,0.01,8,0.9,20,0.0573519242809974,0.13018660314026
1500,0.01,8,0.9,20,0.0489057101729145,0.129593179525354
800,0.001,5,1,20,5.42097010742784,5.4007178921146
1000,0.001,5,1,20,4.4424294141309,4.42371798070688
1200,0.001,5,1,20,3.64136652154236,3.62331039961804
1500,0.001,5,1,20,2.70383786391974,2.68669915360277
800,0.005,5,1,20,0.256146561676236,0.261744675681323
1000,0.005,5,1,20,0.136947253340379,0.159574189745692
1200,0.005,5,1,20,0.103664906270551,0.138745029490417
1500,0.005,5,1,20,0.0893212264126347,0.134024825448315
800,0.008,5,1,20,0.0979382994363924,0.136516363235736
1000,0.008,5,1,20,0.0867335794936425,0.133621015744995
1200,0.008,5,1,20,0.0797623942033556,0.132978041107237
1500,0.008,5,1,20,0.0710190278657644,0.1314964908596
800,0.01,5,1,20,0.0866301260620854,0.13373851330765
1000,0.01,5,1,20,0.0781407425111005,0.13277066168543
1200,0.01,5,1,20,0.071006545247653,0.131249737441483
1500,0.01,5,1,20,0.062704885310452,0.129631316292569
800,0.001,6,1,20,5.42097010742784,5.4007178921146
1000,0.001,6,1,20,4.4424294141309,4.42371798070688
1200,0.001,6,1,20,3.64136652154236,3.62331039961804
1500,0.001,6,1,20,2.70383786391974,2.68669915360277
800,0.005,6,1,20,0.255665086014303,0.261306283442539
1000,0.005,6,1,20,0.135122399640037,0.158895590366817
1200,0.005,6,1,20,0.100299164304435,0.138151204137053
1500,0.005,6,1,20,0.0845972110534347,0.133308279244456
800,0.008,6,1,20,0.0942543949320497,0.136061700171242
1000,0.008,6,1,20,0.0819344561200726,0.133091660871727
1200,0.008,6,1,20,0.0740687081240169,0.132151537767471
1500,0.008,6,1,20,0.0652527579051922,0.130964063178646
800,0.01,6,1,20,0.0820792953831617,0.132913598689606
1000,0.01,6,1,20,0.0725965289122231,0.131916954836407
1200,0.01,6,1,20,0.0652602750225094,0.130983012653034
1500,0.01,6,1,20,0.0574268646479228,0.129710249236304
800,0.001,8,1,20,5.42097010742784,5.4007178921146
1000,0.001,8,1,20,4.4424294141309,4.42371798070688
1200,0.001,8,1,20,3.64136652154236,3.62331039961804
1500,0.001,8,1,20,2.70383786391974,2.68669915360277
800,0.005,8,1,20,0.255242781968753,0.26127943975546
1000,0.005,8,1,20,0.132579911405909,0.158252204052914
1200,0.005,8,1,20,0.0951820517724942,0.137126247507734
1500,0.005,8,1,20,0.0777866682310211,0.132177858849375
800,0.008,8,1,20,0.0886908836171701,0.135056905121596
1000,0.008,8,1,20,0.0743892729987722,0.131917829107136
1200,0.008,8,1,20,0.065686746747854,0.131126659920761
1500,0.008,8,1,20,0.0565302155226794,0.130612292238142
800,0.01,8,1,20,0.074557426151617,0.131996040897948
1000,0.01,8,1,20,0.0641506907023704,0.130805860572842
1200,0.01,8,1,20,0.0568184911868985,0.130211269763268
1500,0.01,8,1,20,0.0485262359208723,0.129504925595159
800,0.001,5,0.5,50,5.42113198604321,5.39998838088886
1000,0.001,5,0.5,50,4.44269618780637,4.4226836016251
1200,0.001,5,0.5,50,3.64163722070798,3.62227812446206
1500,0.001,5,0.5,50,2.70416747545714,2.68605313564469
800,0.005,5,0.5,50,0.263094153261732,0.261230771328827
1000,0.005,5,0.5,50,0.15110925310225,0.16043390353998
1200,0.005,5,0.5,50,0.122203992924226,0.139458156759895
1500,0.005,5,0.5,50,0.110395524124105,0.134903278244088
800,0.008,5,0.5,50,0.117453931461404,0.137339960269828
1000,0.008,5,0.5,50,0.10789590592589,0.134849366500386
1200,0.008,5,0.5,50,0.101358775303533,0.132902866317028
1500,0.008,5,0.5,50,0.0933245145227984,0.130711228847976
800,0.01,5,0.5,50,0.107911077018464,0.135059884725622
1000,0.01,5,0.5,50,0.0998193729495897,0.132590031540486
1200,0.01,5,0.5,50,0.0936560762328569,0.13115881402209
1500,0.01,5,0.5,50,0.0863532023575502,0.130578799884778
800,0.001,6,0.5,50,5.42114046350356,5.40005076058039
1000,0.001,6,0.5,50,4.44264303510812,4.42308687792594
1200,0.001,6,0.5,50,3.64165791808482,3.6222841374189
1500,0.001,6,0.5,50,2.7041541498149,2.68597467121329
800,0.005,6,0.5,50,0.262903057265445,0.261449882351421
1000,0.005,6,0.5,50,0.150300463643067,0.159755657687132
1200,0.005,6,0.5,50,0.120523147094233,0.138704331994602
1500,0.005,6,0.5,50,0.107945972418375,0.134620446963333
800,0.008,6,0.5,50,0.116110061693901,0.137030377953948
1000,0.008,6,0.5,50,0.104940223789972,0.133423068457044
1200,0.008,6,0.5,50,0.0981057616258907,0.13180101234408
1500,0.008,6,0.5,50,0.0898992232304974,0.131522900326037
800,0.01,6,0.5,50,0.104709246090681,0.133846986109941
1000,0.01,6,0.5,50,0.096495696019916,0.131468354083478
1200,0.01,6,0.5,50,0.0896174236822465,0.131016208881351
1500,0.01,6,0.5,50,0.0817160731803586,0.129947173300623
800,0.001,8,0.5,50,5.42115417957184,5.4001020754285
1000,0.001,8,0.5,50,4.44268187159828,4.42294212802327
1200,0.001,8,0.5,50,3.64163753731397,3.62253520035509
1500,0.001,8,0.5,50,2.70414639342461,2.68607588915871
800,0.005,8,0.5,50,0.26260595058346,0.261800863355955
1000,0.005,8,0.5,50,0.149125072485837,0.159229178603633
1200,0.005,8,0.5,50,0.118775831163405,0.138344266866265
1500,0.005,8,0.5,50,0.10441224879655,0.133834363981956
800,0.008,8,0.5,50,0.113986939153096,0.136405471914125
1000,0.008,8,0.5,50,0.101802246745492,0.133642242924077
1200,0.008,8,0.5,50,0.093619806568849,0.131764250076318
1500,0.008,8,0.5,50,0.0848705538156444,0.131091667598356
800,0.01,8,0.5,50,0.101214673980027,0.132433510806536
1000,0.01,8,0.5,50,0.092257746122737,0.130934231425576
1200,0.01,8,0.5,50,0.0846748574485041,0.130216854537607
1500,0.01,8,0.5,50,0.0764324319037806,0.129414060032984
800,0.001,5,0.75,50,5.42103075033359,5.40048535887004
1000,0.001,5,0.75,50,4.44253069198142,4.42347741820296
1200,0.001,5,0.75,50,3.641490276951,3.6230450611746
1500,0.001,5,0.75,50,2.70400224021278,2.68661594998298
800,0.005,5,0.75,50,0.262176976757401,0.261123696529897
1000,0.005,5,0.75,50,0.150058303220863,0.159929453491903
1200,0.005,5,0.75,50,0.121036528378069,0.139816913939477
1500,0.005,5,0.75,50,0.108301985401401,0.134769001713339
800,0.008,5,0.75,50,0.115719027920831,0.137488022639013
1000,0.008,5,0.75,50,0.105775637825039,0.13450157800212
1200,0.008,5,0.75,50,0.0988185373828161,0.132507935863811
1500,0.008,5,0.75,50,0.0915256779355559,0.130965235524387
800,0.01,5,0.75,50,0.106254956337482,0.134292530793477
1000,0.01,5,0.75,50,0.0980065015769758,0.132536047710205
1200,0.01,5,0.75,50,0.0917062428629119,0.130926069620332
1500,0.01,5,0.75,50,0.0839721020271385,0.130081108898201
800,0.001,6,0.75,50,5.42103895181697,5.40044067721883
1000,0.001,6,0.75,50,4.44251399013427,4.42350870495871
1200,0.001,6,0.75,50,3.64148103862583,3.62304317357198
1500,0.001,6,0.75,50,2.70396359786286,2.68663568251028
800,0.005,6,0.75,50,0.261786627499902,0.260957506195411
1000,0.005,6,0.75,50,0.149297557860349,0.159029531373396
1200,0.005,6,0.75,50,0.119389965325994,0.1384013796123
1500,0.005,6,0.75,50,0.105870282242659,0.134083348686749
800,0.008,6,0.75,50,0.114369799140812,0.13686161189929
1000,0.008,6,0.75,50,0.103066348910763,0.133708006602797
1200,0.008,6,0.75,50,0.0960237089568592,0.132561882622003
1500,0.008,6,0.75,50,0.0872969729391688,0.130891750011555
800,0.01,6,0.75,50,0.102712512609463,0.133904668266642
1000,0.01,6,0.75,50,0.0942853135144368,0.132038067520671
1200,0.01,6,0.75,50,0.08744603826381,0.131039186192488
1500,0.01,6,0.75,50,0.0790442600932231,0.130388229473164
800,0.001,8,0.75,50,5.4210255652343,5.40045915807958
1000,0.001,8,0.75,50,4.44252151862428,4.42345257396015
1200,0.001,8,0.75,50,3.64146230362687,3.6231273803381
1500,0.001,8,0.75,50,2.70395521779469,2.68663179820934
800,0.005,8,0.75,50,0.261717642624116,0.260777180350771
1000,0.005,8,0.75,50,0.147671744489425,0.158857744574066
1200,0.005,8,0.75,50,0.117052313509196,0.138617149111911
1500,0.005,8,0.75,50,0.102062525511111,0.133252466370576
800,0.008,8,0.75,50,0.111524934013221,0.135474657775322
1000,0.008,8,0.75,50,0.0994494788758273,0.133265699703113
1200,0.008,8,0.75,50,0.0912958169490669,0.131656049473646
1500,0.008,8,0.75,50,0.082415565112865,0.131146569433611
800,0.01,8,0.75,50,0.0994313001476461,0.133112293920997
1000,0.01,8,0.75,50,0.0901655903029411,0.131726062658343
1200,0.01,8,0.75,50,0.0824781532784037,0.131197920352699
1500,0.01,8,0.75,50,0.0735482126382376,0.130170168651571
800,0.001,5,0.9,50,5.42099690289893,5.40060091192313
1000,0.001,5,0.9,50,4.44247304689771,4.42361051870132
1200,0.001,5,0.9,50,3.64139697643247,3.62325777157756
1500,0.001,5,0.9,50,2.70387231793226,2.68664712482891
800,0.005,5,0.9,50,0.261519811459105,0.260674590163253
1000,0.005,5,0.9,50,0.149233047160579,0.159755007988294
1200,0.005,5,0.9,50,0.120185049692264,0.139721430773369
1500,0.005,5,0.9,50,0.108039605004942,0.135585613093747
800,0.008,5,0.9,50,0.115354647583027,0.137659209570793
1000,0.008,5,0.9,50,0.105442968993684,0.134477580675757
1200,0.008,5,0.9,50,0.0984393205437997,0.132810136179958
1500,0.008,5,0.9,50,0.0909912503826326,0.13148279021277
800,0.01,5,0.9,50,0.105275828492545,0.134941572755143
1000,0.01,5,0.9,50,0.0975652714532024,0.132661154823104
1200,0.01,5,0.9,50,0.0915219583420363,0.131550005207709
1500,0.01,5,0.9,50,0.0839372050058596,0.130424119233753
800,0.001,6,0.9,50,5.42098885664341,5.40063034301493
1000,0.001,6,0.9,50,4.44246022344471,4.42362937290482
1200,0.001,6,0.9,50,3.64141528357384,3.62323174956837
1500,0.001,6,0.9,50,2.70391035371785,2.68654279460073
800,0.005,6,0.9,50,0.26160197503872,0.260481381765525
1000,0.005,6,0.9,50,0.14888502996373,0.159116213957778
1200,0.005,6,0.9,50,0.119122449341261,0.139062305715883
1500,0.005,6,0.9,50,0.105161841831142,0.134264090278223
800,0.008,6,0.9,50,0.113454967534871,0.136518129034109
1000,0.008,6,0.9,50,0.102349798377448,0.133516516276766
1200,0.008,6,0.9,50,0.0947802842704899,0.132327269568342
1500,0.008,6,0.9,50,0.0870048914335076,0.13126671442545
800,0.01,6,0.9,50,0.10230099098571,0.133913693203243
1000,0.01,6,0.9,50,0.093062688391383,0.13185504654941
1200,0.01,6,0.9,50,0.0868677941911459,0.131699003398535
1500,0.01,6,0.9,50,0.0786392177981702,0.131513552582894
800,0.001,8,0.9,50,5.42098957145436,5.40062314751443
1000,0.001,8,0.9,50,4.44246324798052,4.42361981890912
1200,0.001,8,0.9,50,3.64140820661539,3.62322650888026
1500,0.001,8,0.9,50,2.70390256866416,2.68662914013304
800,0.005,8,0.9,50,0.261293453410901,0.260493389597741
1000,0.005,8,0.9,50,0.147156987143865,0.158364336444724
1200,0.005,8,0.9,50,0.116505943890649,0.138018428473244
1500,0.005,8,0.9,50,0.101604680802199,0.133877513735222
800,0.008,8,0.9,50,0.111010950226991,0.135490177560299
1000,0.008,8,0.9,50,0.0985174378024567,0.132991982077537
1200,0.008,8,0.9,50,0.0909711146920107,0.131410883116477
1500,0.008,8,0.9,50,0.0817118566200702,0.131139092467411
800,0.01,8,0.9,50,0.098773361687918,0.133700400379106
1000,0.01,8,0.9,50,0.0891090000839172,0.131693950690967
1200,0.01,8,0.9,50,0.0820325951051769,0.131100719445036
1500,0.01,8,0.9,50,0.0732585524076444,0.130788069771028
800,0.001,5,1,50,5.42097010742784,5.4007178921146
1000,0.001,5,1,50,4.4424294141309,4.42371798070688
1200,0.001,5,1,50,3.64136652154236,3.62331039961804
1500,0.001,5,1,50,2.70383570929413,2.6865332686633
800,0.005,5,1,50,0.261445582688413,0.260686834142338
1000,0.005,5,1,50,0.148992416114695,0.159508799047485
1200,0.005,5,1,50,0.119887882627411,0.139768817461297
1500,0.005,5,1,50,0.107546180151091,0.135181088985083
800,0.008,5,1,50,0.115132178552305,0.137677050236788
1000,0.008,5,1,50,0.105129731119993,0.134397324905809
1200,0.008,5,1,50,0.0981921493701387,0.132563474823582
1500,0.008,5,1,50,0.0909144364180671,0.131139269069067
800,0.01,5,1,50,0.105145432862998,0.134720065456379
1000,0.01,5,1,50,0.0969923500213445,0.132099175083225
1200,0.01,5,1,50,0.09064627684344,0.130891917987431
1500,0.01,5,1,50,0.08321703734595,0.130285709871286
800,0.001,6,1,50,5.42097010742784,5.4007178921146
1000,0.001,6,1,50,4.4424294141309,4.42371798070688
1200,0.001,6,1,50,3.64136652154236,3.62331039961804
1500,0.001,6,1,50,2.70383570929413,2.6865332686633
800,0.005,6,1,50,0.261351453817568,0.260322051765786
1000,0.005,6,1,50,0.14836612734426,0.158597669212113
1200,0.005,6,1,50,0.118672063881749,0.138881026475735
1500,0.005,6,1,50,0.1047105527072,0.134124228977536
800,0.008,6,1,50,0.113540921136093,0.136594889211976
1000,0.008,6,1,50,0.101874284905525,0.133760189496139
1200,0.008,6,1,50,0.0949708518231136,0.132278156930799
1500,0.008,6,1,50,0.0868597909780812,0.131184609077794
800,0.01,6,1,50,0.10162852237393,0.133967975327867
1000,0.01,6,1,50,0.0930161171464113,0.132364369794362
1200,0.01,6,1,50,0.0864033055709225,0.131599759097671
1500,0.01,6,1,50,0.0779349594227571,0.131184328866339
800,0.001,8,1,50,5.42097010742784,5.4007178921146
1000,0.001,8,1,50,4.4424294141309,4.42371798070688
1200,0.001,8,1,50,3.64136652154236,3.62331039961804
1500,0.001,8,1,50,2.70383570929413,2.6865332686633
800,0.005,8,1,50,0.261073360017064,0.260346733969979
1000,0.005,8,1,50,0.147060886605332,0.158317230569102
1200,0.005,8,1,50,0.116331252770312,0.137976561385549
1500,0.005,8,1,50,0.101626461903926,0.133279572389298
800,0.008,8,1,50,0.111121002876847,0.135490077357767
1000,0.008,8,1,50,0.0985413188828007,0.132494263646997
1200,0.008,8,1,50,0.0904029642052192,0.131233861785222
1500,0.008,8,1,50,0.0814607232549017,0.130661762324426
800,0.01,8,1,50,0.0982167037318618,0.133267184381663
1000,0.01,8,1,50,0.0886826425571967,0.132025714287871
1200,0.01,8,1,50,0.0814285478061026,0.131279326516635
1500,0.01,8,1,50,0.0727899575009246,0.130858664517418
